id,artist,title,bpm,category,yearReleased
1,Swedish House Mafia,Don't You Worry Child,129,G,2012
2,Swedish House Mafia,Save The World Tonight,128,G,2011
3,Justin Bieber (f/Nicki Minaj),Beauty & A Beat,128,G,2012
4,Will.I.Am & Britney Spears,Scream & Shout,130,G,2012
5,Pink,Try,125,G,2012
6,Alicia Keys,Girl On Fire,128,G,2012
7,Maroon 5,Daylight,128,G,2012
8,Calvin Harris (f/Florence Welch),Sweet Nothing,128,G,2012
9,Flo Rida,I Cry,126,G,2012
10,Kesha,C'mon,126,G,2013
11,Pitbull,Don't Stop The Party,127,G,2012
12,Rihanna,Diamonds,125,G,2012
13,Kelly Clarkson,Catch My Breath,128,G,2012
14,Imagine Dragons,It's Time,128,G,2012
15,Pitbull (f/Christina Aguilera),Feel This Moment,132,G,2013
16,Ludacris (f/Usher & David Guetta),Rest Of My Life,128,G,2012
17,Nicki Minaj,Va Va Voom,127,G,2012
18,Neon Trees,Lessons In Love,128,G,2012
19,Afrojack (f/Chris Brown),As Your Friend,128,G,2013
21,Krewella,Alive,128,G,2012
22,David Guetta,She Wolf (Falling To Pieces),128,G,2012
23,Maroon 5,One More Night,126,G,2012
24,Fun,Some Nights,126,G,2012
25,Ne-Yo,Let Me Love You,125,G,2012
26,Alex Clare,Too Close,126,G,2012
27,Ellie Goulding,Lights,128,G,2012
28,Ellie Goulding,Lights,125,G,2012
29,Chris Brown,Don't Wake Me Up,128,G,2012
31,Justin Bieber,As Long As You Love Me,130,G,2012
32,David Guetta (f/Sia),Titanium,126,G,2012
33,Demi Lovato,Give Your Heart A Break,130,G,2012
34,Gotye (f/Kimbra,Somebody That I Used To Know,129,G,2012
35,Carly Rae Jepsen,Call Me Maybe,128,G,2012
36,Pink,Blow Me (One Last Kiss),125,G,2012
37,The Wanted,Glad You Came,127,G,2012
38,One Direction,What Makes You Beautiful,128,G,2012
39,Rihanna,Where Have You Been?,128,G,2012
40,Owl City & Carly Rae Jepsen,Good Time,126,G,2012
41,Katy Perry,Wide Awake,132,G,2012
42,Flo Rida (f/Sia),Wild Ones,127,G,2012
43,Flo Rida,Whistle,129,G,2012
44,Fun,We Are Young,126,G,2012
45,Nicki Minaj,Starships,125,G,2012
46,Flo Rida,Good Feeling,128,G,2011
47,Calvin Harris,Feel So Close,128,G,2012
48,Rihanna (f/Calvin Harris),We Found Love,128,G,2011
49,LMFAO,Party Rock Anthem,130,G,2011
50,Maroon 5,Pay Phone,128,G,2012
51,Calvin Harris (f/Ne-Yo),Let's Go,128,G,2012
52,David Guetta (f/Usher),Without You,128,G,2011
53,Pitbull (f/Ne-Yo & Nayer),Give Me Everything,129,G,2011
54,LMFAO,Sexy & I Know It,130,G,2012
55,Katy Perry,Part Of Me,130,G,2012
56,Usher,Scream,128,G,2012
57,Jessie J.,Domino,127,G,2011
58,Selena Gomez & The Scene,Love You Like A Love Song,126,G,2011
59,Kelly Clarkson,Stronger (What Doesn't Kill You),127,G,2011
60,David Guetta (f/Nicki Minaj),Turn Me On,128,G,2012
61,Drake (f/Rihanna),Take Care,128,G,2012
62,Katy Perry,The One That Got Away,128,G,2011
63,Train,Drive By,125,G,2012
64,Maroon 5 & Christina Aguilera,Moves Like Jagger,128,G,2012
65,Cobra Starship,You Make Me Feel,132,G,2011
66,Katy Perry,E.T.,129,G,2011
67,Enrique Iglesias (f/Ludacris),Tonight,128,G,2011
68,Nicki Minaj,Super Bass,127,G,2011
69,Katy Perry,Firework,128,G,2011
70,Rihanna,Only Girl (In The World),126,G,2010
71,Hot Chelle Rae,Tonight Tonight,125,G,2011
72,Karmin,Broken Hearted,128,G,2011
73,Katy Perry,Last Friday Night (TGIF),126,G,2011
74,Adele,Rolling In The Deep,128,G,2011
75,Adele,Rolling In The Deep,125,G,2011
76,Pitbull (f/Chris Brown),International Love,127,G,2011
77,Cee-Lo Green,Forget You,127,G,2011
78,Adele,Rumor Has It,127,G,2012
79,Usher (f/Pitbull),DJ Got Us Falling In Love,128,G,2011
80,Cher Lloyd,Want U Back,126,G,2012
81,Adele,Set Fire To The Rain,127,G,2012
82,Black Eyed Peas,Just Can't Get Enough,128,G,2011
83,Chris Brown,Yeah 3x,130,G,2011
84,Kesha,We R Who We R,128,G,2011
85,Jay Z & Kanye West,N***** In Paris,130,G,2012
86,Dev,In The Dark,125,G,2011
87,Dev,In The Dark,128,G,2011
88,Havana Brown,We Run The Night,128,G,2012
89,Bruno Mars,Just The Way You Are,129,G,2011
90,Psy,Gangnam Style,132,G,2012
91,Pink,Raise Your Glass,128,G,2011
92,Jennifer Lopez (f/Pitbull),On The Floor,130,G,2011
93,Rihanna,S&M,128,G,2011
94,Afrojack,Take Over Control,130,G,2011
95,Avicii,Levels,128,G,2011
96,Britney Spears,I Wanna Go,130,G,2011
97,Pitbull,Hey Baby (Drop It To The Floor),127,G,2011
98,Nicki Minaj,Pound The Alarm,125,G,2012
99,Chris Brown,Turn Up The Music,130,G,2012
100,David Guetta (f/Chris Brown),I Can Only Imagine,128,G,2012
101,Jeremih (f/50 Cent),Down On Me,128,G,2011
102,Alexandra Stan,Mr Saxobeat,127,G,2011
103,Martin Solveig & Dragonette,Hello,128,G,2011
104,Far East Movement,Rocketeer,128,G,2011
105,Britney Spears,Hold It Against Me,130,G,2011
106,Lil Wayne,How To Love,135,G,2011
107,Zedd,Spectrum,128,G,2012
108,Afrojack,Can't Stop Me,129,G,2012
109,Foster The People,Pumped Up Kicks,128,G,2011
110,Taio Cruz,Dynamite,128,G,2010
111,Katy Perry,Teenage Dream,128,G,2010
112,Usher (f/Lil Jon & Ludacris),Yeah,128,G,2003
113,Kesha,Tik Tok,128,G,2009
114,Usher (f/Will.I.Am),OMG,130,G,2010
115,Jay Sean,Down,132,G,2009
116,Justin Timberlake,Sexyback,128,G,2006
117,David Guetta (f/Akon),Sexy Chick,130,G,2009
118,Far East Movement,Like A G6,125,G,2009
119,Edward Maya,Stereo Love,128,G,2009
120,Jason Derulo,What'cha Say,138,G,2009
121,Kings Of Leon,Use Somebody,129,G,2008
122,Taio Cruz (f/Ludacris),Break Your Heart,127,G,2009
123,Lady Gaga,Just Dance,125,G,2008
125,Enrique Iglesias (f/Pitbull),I Like It,129,G,2010
127,Lady Gaga,Bad Romance,128,G,2009
128,Black Eyed Peas,I Gotta Feeling,128,G,2009
129,Chris Brown,Forever,128,G,2008
130,B.O.B. (f/Bruno Mars),Nothin' On You,129,G,2009
131,Lady Gaga,Poker Face,128,G,2008
132,Justin Timberlake (f/T.I.),My Love,128,G,2006
133,Jason Derulo,In My Head,128,G,2009
134,Flo Rida,Club Can't Handle Me,128,G,2010
135,Kelly Clarkson,Since U Been Gone,132,G,2004
136,Beyonce,Single Ladies (Put A Ring On It),127,G,2008
137,Train,Hey Soul Sister,125,G,2009
138,Iyaz,Replay,140,G,2009
139,Pitbull,Calle Ocho (I Know You Want Me),127,G,2009
141,Flo Rida (f/T-Pain),Low,128,G,2007
142,Kesha,Your Love Is My Drug,128,G,2009
143,Taylor Swift,You Belong With Me,128,G,2008
144,Rihanna,Umbrella,125,G,2007
145,One Republic,Apologize,130,G,2007
146,Ne-Yo,Closer,127,G,2008
147,Black Eyed Peas,Boom Boom Pow,129,G,2009
148,La Roux,Bulletproof,128,G,2009
149,Estelle,American Boy,128,G,2008
150,Rihanna,Rude Boy,128,G,2009
151,Justin Timberlake,Rock Your Body,128,G,2002
152,Rihanna,Don't Stop The Music,128,G,2007
154,Cazzette,Beam Me Up (Kill Mode),126,G,2012
155,Zedd,Clarity,128,G,2013
156,Martin Solveig,The Night Out,128,G,2012
157,Maroon 5,Daylight,127,G,2013
158,Maroon 5,Love Somebody,120,G,2013
159,Olly Murs (f/Flo Rida),Troublemaker,126,G,2013
160,Jonn Hart,Who Booty?,128,G,2013
161,Pitbull (f/Christina Aguilera),Feel This Moment,136,G,2013
162,Britt Nicole,Gold,123,G,2013
164,Benny Benassi (f/Gary Go),Cinema,130,G,2012
165,Icona Pop,I Love It,126,G,2013
167,Calvin Harris (f/Kelis),Bounce,128,G,2011
169,Otto Knows,A Million Voices,126,G,2013
170,Emeli Sande,Next To Me,128,G,2013
171,Ne-Yo,Forever Now,127,G,2013
172,Rihanna (f/Mikky Ekko),Stay,128,G,2013
174,Justin Bieber,All Around The World,128,G,2013
175,Neon Trees,Animal,132,G,
176,Avicii vs Nicky Romero,I Could Be The One,128,G,2013
177,Britney Spears,Three,128,G,2009
179,Mumford & Sons,I Will Wait,125,G,2013
180,Pink,Get This Party Started,128,G,2001
181,Taylor Swift,I Knew You Were Trouble,130,G,2013
183,Mumford & Sons,I Will Wait,133,G,2013
184,Justin Timberlake (f/Jay Z),Suit & Tie,126,G,2013
185,Justin Timberlake (f/Jay Z),Suit & Tie,124,G,2013
186,Of Monsters & Men,Little Talks,128,G,2013
187,Pitbull (f/Christina Aguilera),Feel This Moment,128,G,2013
188,Justin Timberlake,My Love,130,G,2006
190,Timbaland (f/Keri Hilson),The Way I Are,128,G,2006
192,Britney Spears,Toxic,128,G,2003
195,Justin Timberlake,What Goes Around (Comes Around),132,G,2006
196,Beyonce,Single Ladies,128,G,2008
199,One Republic,Apologize,128,G,2008
201,Katy Perry,Hot & Cold,130,G,2008
204,Rihanna,Don't Stop The Music,123,G,2007
205,The Killers,Somebody Told Me,128,G,2004
206,The Killers,Somebody Told Me,134,G,2004
207,Enur,Calabria,126,G,2008
208,The Killers,Mr Brightside,134,G,2003
209,Katy Perry,Waking Up In Vegas,130,G,2009
210,Black Eyed Peas,Meet Me Halfway,128,G,2009
211,Kevin Rudolf,Let It Rock,125,G,2008
212,Kid Cudi,Day N Nite,130,G,2008
213,David Guetta (f/Kid Cudi),Memories,130,G,2009
214,Darude,Sandstorm,137,G,2000
215,Alice Deejay,Better Off Alone,136,G,2000
216,Sonique,It Feels So Good,135,G,2000
217,Dirty Vegas,Days Go By,127,G,2003
218,Daniel Bedingfield,Gotta Get Through This,135,G,2004
219,Kylie Minogue,Can't Get You Out Of My Head,126,G,2002
220,Rihanna,Pour It Up,135,G,2013
221,Calvin Harris (f/Ellie Goulding),I Need Your Love,125,G,2013
222,Will.I.Am (f/Justin Bieber),That Power,128,G,2013
223,Carly Rae Jepsen,Tonight I'm Getting Over You,128,G,2013
224,Little Mix,Wings,126,G,2013
225,Cher Lloyd,With Ur Love,128,G,2013
226,Nikki Williams,Glowing,128,G,2013
227,Demi Lovato,Heart Attack,126,G,2013
228,Jason Derulo,The Other Side,128,G,2013
229,Daft Punk,Get Lucky,125,G,2013
230,Macklemore & Ryan Lewis,Can't Hold Us,128,G,2013
231,Bruno Mars,When I Was Your Man,128,G,2013
232,Kesha (f/Will.I.Am),Crazy Kids,128,G,2013
233,J Cole (f/Miguel),Power Trip,126,G,2013
234,Drop City Yacht Club,Crickets,125,G,2013
235,Taylor Swift,22,118,G,2013
236,Capital Cities,Safe & Sound,128,G,2013
237,Capital Cities,Safe & Sound,125,G,2013
238,Jennifer Lopez (f/Pitbull),Live It Up,128,G,2013
239,Imagine Dragons,Radioactive,128,G,2013
240,Selena Gomez,Come & Get It,128,G,2013
241,Duck Sauce,Barbara Streisand,128,G,2011
242,Yolanda Be Cool,We No Speak Americano,125,G,2010
243,Rihanna (f/David Guetta),Right Now,130,G,2013
244,Drake (f/Rihanna),Take Care,122,G,2012
246,Daft Punk (f/Pharrell Williams),Get Lucky,116,G,2013
247,Bruno Mars,Treasure,116,G,2013
248,Rihanna,Diamonds,120,G,2012
249,Demi Lovato,Heart Attack,119,G,2013
250,Selena Gomez,Come & Get It,131,G,2013
251,Pitbull (f/Chris Brown),International Love,120,G,2011
253,Bruno Mars,Treasure,128,G,2013
254,Ariana Grande (f/Mac Miller),The Way,128,G,2013
255,Justin Timberlake,Mirrors,128,G,2013
256,Armin Van Buuren (f/Trevor Guthrie),This Is What It Feels Like,130,G,2013
257,Sean Kingston (f/Chris Brown & Wiz Khalifa),Beat It,125,G,2013
258,"David Guetta (f/Chris Willis, Fergie & LMFAO)",Getting Over You,130,G,2009
259,Britney Spears,Ooh La La,128,G,2013
260,Paramore,Still Into You,130,G,2013
261,Tegan & Sara,Closer,128,G,2013
262,Avicii,Wake Me Up,124,G,2013
263,Duck Sauce,It's You,128,G,2013
264,Timeflies,I Choose U,128,G,2013
265,Mariah Carey (f/Miguel),Beautiful,124,G,2013
266,Cascada,Evacuate The Dancefloor,127,G,2009
269,Jason Derulo,In My Head,127,G,2009
271,Justin Timberlake,Rock Your Body,127,G,2002
272,Keri Hilson,Knock You Down,128,G,2009
274,Miley Cyrus,Party In The USA,128,G,2009
275,3OH3,Don't Trust Me,130,G,2008
277,Lana Del Rey,Summertime Sadness,126,G,2013
278,Major Lazer,Bubble Butt,128,G,2013
279,Krewella,Live For The Night,128,G,2013
280,Kaptn,Ricky Ricardo,122,G,2013
281,Maroon 5,Love Somebody,128,G,2013
282,Enrique Iglesias,Turn The Night Up,128,G,2013
283,Martin Solveig & The Cataracs,Hey Now,128,G,2013
284,Sebastian Ingrosso & Tommy Trash,Reload,128,G,2013
285,One Direction,Best Song Ever,128,G,2013
286,Icona Pop,All Night,124,G,2013
287,Icona Pop,All Night,128,G,2013
288,Robin Thicke (f/Kendrick Lamar),Give It 2 U,127,G,2013
289,Flo Rida (f/Pitbull),Can't Believe It,124,G,2013
290,Selena Gomez,Slow Down,128,G,2013
291,Katy Perry,Roar,128,G,2013
292,Katy Perry,Roar,125,G,2013
293,Lady Gaga,Applause,128,G,2013
294,Lorde,Royals,128,G,2013
295,Lady Gaga,Applause,140,G,2013
296,Katy Perry,Roar,126,G,2013
297,Rihanna,What Now?,128,G,2013
298,Zedd (f/Hayley Williams),Stay The Night,128,G,2013
299,Britney Spears,Work B****,128,G,2013
300,Miley Cyrus,Wrecking Ball,128,G,2013
302,Drake,Hold On We're Going Home,120,G,2013
303,Capital Cities,Safe & Sound,122,G,2013
304,The Wanted,We Own The Night,128,G,2013
305,Fifth Harmony,Miss Movin' On,132,G,2013
306,Pitbull (f/Akon),Shut It Down,128,G,2010
307,The Neighborhood,Sweater Weather,128,G,2013
308,Calvin Harris,Thinking About You,128,G,2013
309,J Cole (f/TLC),Crooked Smile,128,G,2013
310,Pitbull (f/Kesha),Timber,130,G,2013
311,Martin Garrix,Animals,128,G,2013
312,One Republic,Counting Stars,128,G,2013
313,Zendaya,Replay,128,G,2013
314,John Newman,Love Me Again,128,G,2013
315,Katy Perry,Unconditionally,130,G,2013
316,Bruno Mars,Gorilla,128,G,2013
317,Justin Timberlake,TKO,130,G,2013
318,Eminem (f/Rihanna),The Monster,122,G,2013
319,Jay Z (f/Justin Timberlake),Holy Grail,128,G,2013
320,Imagine Dragons,Demons,126,G,2013
321,Enrique Iglesias,Heart Attack,130,G,2013
322,Robin Thicke,Feel Good,125,G,2013
323,Cash Cash,Take Me Home,128,G,2013
324,Avicii,Hey Brother,125,G,2013
325,Bastille,Pompeii,128,G,2013
326,Demi Lovato,Neon Lights,128,G,2013
328,Passenger,Let Her Go,128,G,2013
329,Lorde,Team,120,G,2013
330,Flo Rida,How I Feel,128,G,2014
331,Katy Perry,Dark Horse,130,G,2014
332,Mark Morrison,Return Of The Mack,126,G,1997
333,Stardust,The Music Sounds Better With You,124,G,1998
334,Pussycat Dolls,Don'tcha,120,G,2004
335,Pussycat Dolls,Don'tcha,132,G,2004
336,Nelly Furtado (f/Timbaland),Promiscuous,128,G,2006
337,Justin Timberlake,Sexyback,127,G,2006
338,Nina Sky,Move Ya Body,121,G,2004
339,Shakira (f/Beyonce),Can't Remember To Forget You,138,G,2014
340,Enrique Iglesias (f/Pitbull),Freak,128,G,2014
341,NoNoNo,Pumpin' Blood,128,G,2014
342,Jason Derulo (f/2 Chainz),Talk Dirty,128,G,2014
343,Naughty Boy (f/Sam Smith),La La La,128,G,2014
344,Disclosure (f/Sam Smith),Latch,122,G,2014
345,John Legend,All Of Me,126,G,2014
346,Kid Ink (f/Chris Brown),Show Me,120,G,2014
347,Zedd (f/Matthew Koma),Find You,128,G,2014
348,Miley Cyrus,Adore You,138,G,2014
349,Icona Pop,Just Another Night,128,G,2014
350,Pharrell Williams,Happy,128,G,2014
351,A Great Big World,Say Something,125,G,2014
352,The Chainsmokers,#Selfie,128,G,2014
353,Mariah Carey,You're Mine (Eternal),128,G,2014
354,Miley Cyrus,Adore You,128,G,2014
355,Lorde,Team,125,G,2014
356,Shakira (f/Rihanna),Can't Remember To Forget You,130,G,2014
357,Paramore,Ain't It Fun,125,G,2014
358,Beyonce (f/Jay Z),Drunk In Love,128,G,2014
359,Pitbull,Wild Wild Love,120,G,2014
360,Neon Trees,Sleeping With A Friend,127,G,2014
361,Calvin Harris,Summer,128,G,2014
362,Rihanna,S&M,128,G,2010
363,B.O.B. (f/Priscilla),John Doe,124,G,2014
365,American Authors,Best Day Of My Life,125,G,2014
366,Katy Perry,Birthday,126,G,2014
367,Ed Sheeran,Sing,120,G,2014
368,My Crazy Girlfriend,Crazy Stupid Love,128,G,2014
369,One Direction,You And I,128,G,2014
370,Ellie Goulding,Beating Heart,128,G,2014
371,Michael Jackson & Justin Timberlake,Love Never Felt So Good,118,G,2014
372,Nico & Vinz,Am I Wrong?,120,G,2014
373,Ed Sheeran,Sing,125,G,2014
375,Disclosure (f/Sam Smith),Latch,125,G,2014
376,One Direction,Story Of My Life,126,G,2014
377,Rita Ora,I Will Never Let You Down,128,G,2014
378,Tiesto (f/Matthew Koma),Wasted,112,G,2014
379,Pharrell Williams (f/Miley Cyrus),Come Get It Bae,120,G,2014
380,Trey Songz,Na Na,128,G,2014
381,Ariana Grande (f/Iggy Azalea),Problem,128,G,2014
382,Avicii,Addicted To You,128,G,2014
384,Enrique Iglesias,Bailando,127,G,2014
385,Magic,Rude,128,G,2014
386,Rixton,Me & My Broken Heart,120,G,2014
387,Becky G,Shower,120,G,2014
388,Neon Trees,Sleeping With A Friend,107,G,2014
389,Justin Timberlake,Suit & Tie,110,G,2013
390,Taylor Swift,We Are Never Ever Getting Back…,104,G,2013
391,Paramore,Ain't It Fun,104,G,2014
392,Drake,Hold On We're Going Home,100,G,2014
394,Nico & Vinz,Am I Wrong?,128,G,2014
395,Ariana Grande (f/Iggy Azalea),Problem,120,G,2014
396,Sam Smith,Stay With Me,110,G,2014
397,Katy Tiz,The Big Bang,127,G,2014
398,Coldplay,A Sky Full Of Stars,125,G,2014
399,Demi Lovato (f/Cher Lloyd),Really Don’t Care,128,G,2014
400,Jason Derulo (f/Snoop Dogg),Wiggle,100,G,2014
401,Coldplay,A Sky Full Of Stars,128,G,2014
402,Tiesto (f/Matthew Koma),Wasted,128,G,2014
404,Sam Smith,Stay With Me,120,G,2014
405,Justin Timberlake,Rock Your Body,107,G,2004
406,Kelly Clarkson,Mr Know It All,118,G,2011
407,Ariana Grande (f/Zedd),Break Free,130,G,2014
408,Sia,Chandelier,120,G,2014
409,Jason Derulo,Wiggle,128,G,2014
410,Kongos,Come With Me Now,120,G,2014
411,Clean Bandit,Rather Be,125,G,2014
412,Clean Bandit,Rather Be,128,G,2014
413,Kiesza,Hideaway,123,G,2014
414,OneRepublic,Love Runs Out,128,G,2014
415,Ed Sheeran,Don't,128,G,2014
416,Meghan Trainor,All About That Bass,134,G,2014
417,Steve Aoki (f/Kid Ink),Delirious (Boneless),128,G,2014
418,Charli XCX,Boom Clap,126,G,2014
419,Sia,Chandelier,128,G,2014
420,Enrique Iglesias (f/Sean Paul),Bailando,111,G,2014
421,Tinashe,2 On,122,G,2014
422,Usher (f/Nicki Minaj),She Came To Give It To You,120,G,2014
423,Kiesza,Hideaway,126,G,2014
424,Florida-Georgia Line (f/Jason Derulo),This Is How We Roll,130,G,2014
425,Iggy Azalea (f/Rita Ora),Black Widow,128,G,2014
426,Tove Lo,Habits (Stay High),116,G,2014
427,Tove Lo,Habits (Stay High),128,G,2014
430,Pitbull (f/John Ryan),Fireball,123,G,2014
431,Maroon 5,Maps,124,G,2014
432,Maroon 5,Maps,126,G,2014
433,Becky G,Shower,128,G,2014
434,Jeremih (f/YG),Don't Tell Em,122,G,2014
435,Jeremih (f/YG),Don't Tell Em,98,G,2014
436,Tove Lo,Habits (Stay High),110,G,2014
437,Sam Smith,Stay With Me,125,G,2014
438,Charli XCX,Boom Clap,116,G,2014
439,Charli XCX,Boom Clap,128,G,2014
440,Nicki Minaj,Anaconda,130,G,2014
441,Sam Smith,Stay With Me,118,G,2014
442,OneRepublic,Love Runs Out,120,G,2014
443,Nico & Vinz,Am I Wrong?,126,G,2014
444,Magic,Rude,130,G,2014
445,Mr Probz,Waves,120,G,2014
446,Clean Bandit (f/Jess Glynne),Rather Be,121,G,2014
447,Calvin Harris (f/John Newman),Blame,128,G,2014
448,Taylor Swift,Shake It Off,160,G,2014
449,Neon Trees,Animal,148,G,
451,Kim Cesarion,Undressed,120,G,2014
452,Bebe Rexha,I Can't Stop Drinking About You,130,G,2014
453,Fun,Some Nights,108,G,2012
454,Lorde,Team,112,G,2014
455,Nelly Furtado (f/Timbaland),Promiscuous,114,G,2006
456,Justin Timberlake,Sexyback,117,G,2006
457,Katy Perry,This Is How We Do,124,G,2014
458,Alesso (f/Tove Lo),Heroes,126,G,2014
459,MKTO,American Dream,123,G,2014
460,The 1975,Girls,123,G,2014
461,Jason Derulo,Trumpets,128,G,2014
462,Taylor Swift,Shake It Off,124,G,2014
463,Taylor Swift,Shake It Off,130,G,2014
464,Nico & Vinz,In Your Arms,112,G,2014
465,Mary Lambert,Secrets,128,G,2014
466,Sam Smith,I'm Not The Only One,122,G,2014
467,Charli XCX,Break The Rules,124,G,2014
468,Meghan Trainor,All About That Bass,128,G,2014
469,Rixton,Wait On Me,126,G,2014
470,David Guetta,Dangerous,128,G,2014
471,Ariana Grande (f/The Weeknd),Love Me Harder,99,G,2014
472,Sam Smith,I'm Not The Only One,99,G,2014
473,Ariana Grande (f/The Weeknd),Love Me Harder,128,G,2014
474,Maroon 5,Maps,128,G,2014
475,Nico & Vinz,In Your Arms,126,G,2014
476,Nick Jonas,Jealous,117,G,2014
477,Nick Jonas,Jealous,122,G,2014
478,Nick Jonas,Jealous,125,G,2014
479,Kendrick Lamar,I,122,G,2014
480,Gwen Stefani,Baby Don't Lie,105,G,2014
483,Meghan Trainor,Lips Are Movin',139,G,2014
484,Mr Probz,Waves,128,G,2014
485,Jessie J (f/2 Chainz),Burnin' Up,124,G,2014
486,David Guetta (f/Sam Martin),Dangerous,116,G,2014
487,Mark Ronson (f/Bruno Mars),Uptown Funk,115,G,2014
488,Ariana Grande & The Weeknd,Love Me Harder,123,G,2014
489,Gwen Stefani,Baby Don't Lie,125,G,2014
490,Maroon 5,Animals,101,G,2014
491,Chris Brown,New Flame,130,G,2014
492,Eden XO,Too Cool To Dance,125,G,2014
493,Milky Chance,Stolen Dance,124,G,2014
494,OneRepublic,I Lived,128,G,2014
495,Selena Gomez,The Heart Wants What It Wants,120,G,2014
496,Nick Jonas,Jealous,100,G,2014
497,Maroon 5,Animals,112,G,2014
498,Iggy Azalea (f/Mo),Beg For It,120,G,2014
499,Ella Henderson,Ghost,121,G,2014
500,Meghan Trainor,Lips Are Movin',124,G,2014
501,Lillywood & Robin Schulz,Prayer In C,123,G,2014
502,Pitbull (f/Ne-Yo),Time Of Our Lives,124,G,2014
503,James Newton Howard,The Hanging Tree,121,G,2015
504,James Newton Howard,The Hanging Tree,113,G,2015
505,Calvin Harris (f/Ellie Goulding),Outside,128,G,2015
506,Mark Ronson (f/Bruno Mars),Uptown Funk,124,G,2015
507,Taylor Swift,Blank Space,125,G,2015
508,Sean Kingston,Fire Burnin',123,G,2009
509,Selena Gomez,The Heart Wants What It Wants,126,G,2015
510,Selena Gomez,The Heart Wants What It Wants,130,G,2015
511,Sam Smith,I'm Not The Only One,124,G,2014
512,Fifth Harmony,Sledgehammer,123,G,2015
513,Taylor Swift,Style,95,G,2015
514,Maroon 5,Sugar,120,G,2015
515,Prince Royce (f/Snoop Dogg),Stuck On A Feeling,116,G,2015
516,Mark Ronson (f/Bruno Mars),Uptown Funk,128,G,2015
517,Usher (f/Juicy J),I Don't Mind,113,G,2015
518,One Direction,Night Changes,120,G,2015
519,Ella Henderson,Ghost,126,G,2015
520,Fifth Harmony,Sledgehammer,100,G,2015
521,Tove Lo,Talking Body,120,G,2015
523,Ne-Yo (f/Juicy J.),She Knows,132,G,2015
524,Natalie La Rose (f/Jeremih),Somebody,105,G,2015
525,Nicki Minaj (f/Drake & Lil Wayne),Truffle Butter,105,G,2015
526,Tove Lo,Habits (Stay High),123,G,2014
527,Cash Cash,Surrender,128,G,2015
528,Olly Murs (f/Travie McCoy),Wrapped Up,122,G,2015
529,Olly Murs (f/Travie McCoy),Wrapped Up,128,G,2015
530,Ariana Grande,One Last Time,125,G,2015
531,Ed Sheeran,Thinking Out Loud,117,G,2015
532,Ed Sheeran,Thinking Out Loud,128,G,2015
533,Rihanna (f/Kanye West & Paul McCartney),FourFiveSeconds,104,G,2015
534,One Direction,Night Changes,128,G,2015
535,Tove Lo,Talking Body,124,G,2015
536,Tove Lo,Talking Body,123,G,2015
537,Maroon 5,Sugar,128,G,2015
538,Ellie Goulding,Love Me Like You Do,130,G,2015
539,Madonna,Living For Love,124,G,2015
540,Who Is Fancy,Goodbye,115,G,2015
541,Madonna,Living For Love,128,G,2015
543,Iggy Azalea (f/Jennifer Hudson),Trouble,106,G,2015
544,Ellie Goulding,Love Me Like You Do,120,G,2015
545,Nicki Minaj (f/Drake & Lil Wayne),Truffle Butter,115,G,2015
546,Kelly Clarkson,Heartbeat Song,128,G,2015
547,Chris Brown (f/Tyga),Ayo,119,G,2015
548,Sam Smith,Lay Me Down,128,G,2015
549,Lunchmoney Lewis,Bills,126,G,2015
550,Walk The Moon,Shut Up & Dance,128,G,2015
551,Zedd (f/Selena Gomez),I Want You To Know,130,G,2015
552,Rihanna (f/Kanye West),FourFiveSeconds,128,G,2015
553,Ellie Goulding,Love Me Like You Do,125,G,2015
554,Jason Derulo,Want To Want Me,114,G,2015
555,Nick Jonas,Chains,128,G,2015
556,Rihanna (f/Kanye West),FourFiveSeconds,115,G,2015
558,T.I.,Whatever You Like,135,G,2008
559,Usher (f/Ludacris & Lil Jon),Yeah,123,G,2003
560,Mike Posner,Cooler Than Me,130,G,2010
561,Fall Out Boy,Thanks For The Memories,135,G,2007
562,Sir Mix-A-Lot,Baby Got Back,129,G,1992
563,Pink,Raise Your Glass,128,G,2010
564,Flo Rida,Right Round,128,G,2009
565,T.I. (f/Justin Timberlake),Dead & Gone,135,G,2008
566,DJ Snake & AlunaGeorge,You Know You Like It (Remix),123,G,2015
567,DJ Snake & AlunaGeorge,You Know You Like It,98,G,2015
568,Deorro (feat Chris Brown),Five More Hours,128,G,2015
569,Sia (feat The Weeknd),Elastic Heart,126,G,2015
570,Alesso (feat Roy English),Cool,128,G,2015
571,Carly Rae Jepsen,I Really Like You,122,G,2015
572,Calvin Harris (f/Ellie Goulding),Outside,126,G,2015
573,David Guetta (f/Nicki Minaj),Hey Mama,128,G,2015
575,Tori Kelly,Nobody Love,100,G,2015
577,Iggy Azalea (f/Jennifer Hudson),Trouble,128,G,2015
578,Tori Kelly,Nobody Love,126,G,2015
579,The Weeknd,Earned It,122,G,2015
580,Martin Garrix (f/Usher),Don't Look Down,128,G,2015
581,Andy Grammer,Honey I'm Good,128,G,2015
582,Fifth Harmony (f/Kid Ink),Worth It,100,G,2015
585,Skrillex & Diplo (f/Justin Bieber),Where Are You Now,128,G,2015
586,Calvin Harris (f/Haim),Pray To God,128,G,2015
587,Calvin Harris (f/Haim),Pray To God,120,G,2015
588,Nate Ruess,Nothing Without Love,130,G,2015
589,Nate Ruess,Nothing Without Love,128,G,2015
590,Nicki Minaj,The Night Is Still Young,128,G,2015
591,Pitbull (f/Chris Brown),Fun,114,G,2015
592,Omi,Cheerleader,118,G,2015
593,Wiz Khalifa (f/Charlie Puth),See You Again,120,G,2015
594,Wiz Khalifa (f/Charlie Puth),See You Again,95,G,2015
595,Britney Spears (f/Iggy Azalea),Pretty Girls,103,G,2015
596,Calvin Harris (f/Haim),Pray To God,123,G,2015
597,Adam Lambert,Ghost Town,120,G,2015
598,Dillon Francis & DJ Snake,Get Low,128,G,2015
599,Justin Timberlake,My Love,126,G,2006
600,The Weeknd,Earned It,125,G,2015
601,Maroon 5,This Summer's Gonna Hurt,99,G,2015
602,B.O.B. (f/Bruno Mars),Nothin' On You,114,G,2009
603,Wiz Khalifa (f/Charlie Puth),See You Again,115,G,2015
604,Ne-Yo,Coming With You,128,G,2015
605,Natalie La Rose (f/Jeremih),Somebody,118,G,2015
606,Major Lazer & DJ Snake,Lean On,120,G,2015
607,Major Lazer & DJ Snake,Lean On,98,G,2015
608,Carly Rae Jepsen,I Really Like You,128,G,2015
610,Rixton,Me & My Broken Heart,100,G,2014
611,Jeremih (f/Flo Rida),Tonight Belongs To U,129,G,2015
612,Rihanna,Diamonds,100,G,2012
613,Jason Derulo,Want To Want Me,123,G,2015
614,Taylor Swift (f/Kendrick Lamar),Bad Blood,95,G,2015
615,The Weeknd,Can't Feel My Face,108,G,2015
616,Years & Years,King,120,G,2015
617,Sam Smith,Like I Can,120,G,2015
618,Sam Smith,Like I Can,128,G,2015
619,Flo Rida (f/Robin Thicke),"I Don't Like It, I Love It",118,G,2015
620,David Guetta (f/Nicki Minaj),Hey Mama (Remix),121,G,2015
621,Pitbull (f/Chris Brown),Fun,123,G,2015
622,Flo Rida (f/Robin Thicke),"I Don't Like It, I Love It",124,G,2015
623,Sia (f/The Weeknd),Elastic Heart,130,G,2015
624,Lorde,Royals,98,G,2013
625,Maroon 5,This Summer's Gonna Hurt,128,G,2015
626,Echosmith,Bright,118,G,2015
627,Pitbull (f/Chris Brown),Fun,128,G,2015
628,Rachel Platten,Fight Song,103,G,2015
629,Ed Sheeran,Photograph,120,G,2015
630,Taylor Swift,Blank Space,96,G,2014
631,Wiz Khalifa (f/Charlie Puth),See You Again,110,G,2015
632,MKTO,Classic,102,G,2014
633,DJ Snake & Lil Jon,Turn Down For What,100,G,2014
634,Demi Lovato,Cool For The Summer,114,G,2015
635,Charlie Puth (f/Meghan Trainor),Marvin Gaye,110,G,2015
636,Jason Derulo,Cheyenne,100,G,2015
637,Afrojack (f/Mike Taylor),Summerthing,130,G,2015
638,Major Lazer & DJ Snake (f/Mo),Lean On,125,G,2015
639,The Weeknd,Can't Feel My Face,122,G,2015
640,R City (f/Adam Levine),Locked Away,94,G,2015
641,Silento,Watch Me,128,G,2015
642,Omi,Cheerleader,128,G,2015
643,Fifth Harmony (f/Kid Ink),Worth It,130,G,2015
644,Taylor Swift,Style,118,G,2015
645,Calvin Harris (f/Disciples),How Deep Is Your Love?,122,G,2015
646,Jess Glynne,Hold My Hand,123,G,2015
647,Demi Lovato,Cool For The Summer,127,G,2015
648,Demi Lovato,Cool For The Summer,110,G,2015
649,Silento,Watch Me,130,G,2015
650,Kaya Stewart,In Love With A Boy,132,G,2015
651,Selena Gomez (f/A$AP Rocky),Good For You,95,G,2015
652,Selena Gomez (f/A$AP Rocky),Good For You,100,G,2015
653,Natalie La Rose (f/Fetty Wap),Around The World,131,G,2015
654,Little Mix,Black Magic,126,G,2015
655,Little Mix,Black Magic,112,G,2015
656,Disclosure (f/Sam Smith),Omen,106,G,2015
657,Tori Kelly,Should've Been Us,125,G,2015
658,Fifth Harmony (f/Kid Ink),Worth It,125,G,2015
659,Kygo (f/Conrad),Firestone,114,G,2015
660,Robin Thicke (f/Nicki Minaj),Back Together,118,G,2015
661,Kygo (f/Conrad),Firestone,128,G,2015
662,Fifth Harmony (f/Kid Ink),Worth It,128,G,2015
663,The Weeknd,The Hills,120,G,2015
664,Rachel Platten,Fight Song,115,G,2015
665,5 Seconds Of Summer,She's Kinda Hot,118,G,2015
666,Lady Gaga,Lovegame,105,G,2009
667,Usher (f/Lil Jon & Ludacris),Yeah,105,G,2003
668,Adele,Rolling In The Deep,110,G,2011
669,Pussycat Dolls (f/Snoop Dogg),Buttons,105,G,2006
670,Kevin Lyttle,Turn Me On,106,G,2005
671,Nelly,Hot In Herre,106,G,2002
672,Justin Timberlake,Take Back The Night,108,G,2013
673,Jason Derulo,In My Head,109,G,2010
674,Ne-Yo (f/Kanye West),Because Of You,110,G,2009
675,Timbaland (f/Nelly Furtado & Justin Timberlake),Give It To Me,110,G,2006
676,Kevin Rudolf,Let It Rock,112,G,2010
677,Drake,Hold On We're Going Home,112,G,2013
678,Gnarls Barkley,Crazy,112,G,2006
679,Britney Spears,Gimme More,113,G,2008
680,Macklemore & Ryan Lewis,White Walls,116,G,2014
681,Taylor Swift,Bad Blood,120,G,2015
682,Taylor Swift,Bad Blood,126,G,2015
683,Justin Timberlake,Summer Love,100,G,2006
684,Hailee Steinfeld,Love Myself,128,G,2015
685,Icona Pop,Emergency,126,G,2015
686,Charlie Puth (f/Meghan Trainor),Marvin Gaye,128,G,2015
687,Nick Jonas,Levels,102,G,2015
688,Justin Bieber,What Do You Mean?,125,G,2015
689,Macklemore & Ryan Lewis,Downtown,110,G,2015
690,Rita Ora (f/Chris Brown),Body On Me,110,G,2015
691,Charlie Puth (f/Meghan Trainor),Marvin Gaye,120,G,2015
692,Rihanna (f/Drake),What's My Name?,100,G,2010
693,Jason Derulo,Talk Dirty,100,G,2014
694,Major Lazer (f/Ellie Goulding),Powerful,125,G,2015
695,Major Lazer (f/Ellie Goulding),Powerful,130,G,2015
696,Hailee Steinfeld,Love Myself,123,G,2015
697,Selena Gomez (f/A$AP Rocky),Good For You,128,G,2015
698,Taylor Swift,Wildest Dreams,126,G,2015
699,Selena Gomez,Same Old Love,98,G,2015
700,X Ambassadors,Renegades,128,G,2015
701,R City (f/Adam Levine),Locked Away,125,G,2015
702,Omi,Cheerleader,126,G,2015
703,The Weeknd,Can't Feel My Face,126,G,2015
704,Macklemore & Ryan Lewis,Thrift Shop,95,G,2013
705,Drake,Hotline Bling,128,G,2015
708,Carly Rae Jepsen,Run Away With Me,128,G,2015
709,Carly Rae Jepsen,Run Away With Me,119,G,2015
710,Maroon 5,Feelings,122,G,2015
711,Conrad Sewell,Hold Me Up,123,G,2015
712,Conrad Sewell,Hold Me Up,115,G,2015
713,Daya,Hide Away,95,G,2015
714,Nick Jonas,Levels,125,G,2015
715,Macklemore & Ryan Lewis,Downtown,128,G,2015
716,Demi Lovato,Confident,130,G,2015
717,Becky G,Break A Sweat,109,G,2015
718,DNCE,Cake By The Ocean,119,G,2015
719,Rudimental (f/Ed Sheeran),Lay It All On Me,123,G,2015
720,Elle King,Ex's & Ohh's,140,G,2015
721,The Chainsmokers (f/Rozes),Roses,122,G,2015
723,Taylor Swift,Wildest Dreams (Remix),128,G,2015
724,Drake,Hotline Bling (Remix),126,G,2015
726,Justin Bieber,Sorry,100,G,2015
727,Justin Bieber,Sorry,125,G,2015
728,Adele,Hello (Remix),115,G,2015
729,Adele,Hello (Remix),128,G,2015
730,Shaggy (f/Pitbull),Only Love,128,G,2015
731,Flo Rida,My House,94,G,2015
732,Chris Brown,Zero,122,G,2015
733,One Direction,Perfect,100,G,2015
734,Pitbull (f/Lil Jon),The Anthem,124,G,2006
736,Ariana Grande,Focus,100,G,2015
737,Rudimental (f/Ed Sheeran),Lay It All On Me,125,G,2015
738,5 Seconds Of Summer,Hey Everybody!,126,G,2015
739,David Guetta (f/Nicki Minaj),Turn Me On,128,G,2012
740,Selena Gomez,Same Old Love,110,G,2015
741,Meghan Trainor (f/John Legend),Like I'm Gonna Lose You,98,G,2015
743,Justin Timberlake,Rock Your Body,100,G,2003
744,Beyonce (f/Jay Z),Crazy In Love,99,G,2004
745,Shakira (f/Wyclef Jean),Hips Don't Lie,100,G,2006
746,Fetty Wap (f/Remy Boyz),679,124,G,2015
747,Selena Gomez,Good For You,124,G,2015
748,Selena Gomez,Same Old Love,124,G,2015
749,The Weeknd,In The Night,112,G,2015
750,The Chainsmokers (f/Rozes),Roses,100,G,2015
751,Adele,Hello (Remix),106,G,2015
752,Alessia Cara,Here (Remix),121,G,2015
753,Tori Kelly,Hollow,126,G,2015
754,Nelly (f/Jeremih),The Fix,110,G,2015
755,Robin Schulz (f/Francesco Yates),Sugar,123,G,2015
756,Diplo & Sleepy Tom,Be Right There,125,G,2015
757,Elle King,Ex's & Ohh's,130,G,2015
758,Flo Rida,My House,100,G,2015
759,Selena Gomez (f/A$AP Rocky),Good For You,110,G,2015
760,Charlie Puth,One Call Away (Remix),124,G,2015
761,Gwen Stefani,Used To Love You,101,G,2015
763,Tori Kelly,Hollow,130,G,2015
764,Shawn Mendes (f/Camila Cabello),I Know What You Did Last…,114,G,2015
765,Justin Bieber,Children,127,G,2015
766,Nelly (f/Jeremih),The Fix (Remix),124,G,2015
767,Gwen Stefani,Used To Love You,114,G,2015
768,Adele,Hello (Remix),125,G,2015
769,Flo Rida,My House,124,G,2015
770,Jason Derulo,Get Ugly,111,G,2015
771,Jason Derulo,Get Ugly,128,G,2015
772,Justin Bieber,Love Yourself,100,G,2015
773,Justin Bieber,Love Yourself,120,G,2015
774,Justin Bieber,Love Yourself,115,G,2015
775,Hozier,Take Me To Church (Remix),128,G,2014
776,Flo Rida,My House,128,G,2015
777,Tinashe (f/Chris Brown),Player,106,G,2015
778,Selena Gomez,Same Old Love,102,G,2015
779,David Guetta (f/Sia & Fetty Wap),Bang My Head,108,G,2015
780,Shawn Mendes,Stitches,130,G,2015
782,The Weeknd,In The Night,126,G,2015
783,Justin Bieber,Love Yourself,126,G,2015
784,Travis Scott,Antidote,130,G,2015
785,Selena Gomez,Hands To Myself,111,R,2016
786,Taylor Swift,Out Of The Woods,92,R,2016
787,David Guetta (f/Sia & Fetty Wap),Bang My Head (Remix),123,R,2016
788,Ellie Goulding,Something In The Way You Move,109,R,2016
789,Ariana Grande (f/Iggy Azalea),Problem,103,G,2014
790,G-Eazy (f/Beba Rexha),Me Myself & I,126,R,2016
791,DJ Snake (f/Bipolar Sunshine),Middle,105,R,2016
793,BORNS,Electric Love,123,R,2016
794,Shawn Hook,Sound Of  Your Heart,122,R,2016
795,Taylor Swift,Out Of The Woods,118,R,2016
797,Rihanna (f/Drake),Work,92,R,2016
798,Mike Posner,I Took A Pill In Ibiza,102,R,2016
799,Shawn Hook,Sound Of Your Heart,124,R,2016
800,Twenty One Pilots,Stressed Out (Remix),126,R,2016
801,Alessia Cara,Wild Things,108,R,2016
803,Taylor Swift,Out Of The Woods,128,R,2016
805,Adele,When We Were Young (Remix),128,R,2016
806,Rihanna,Work,100,R,2016
807,Rihanna,Work (Remix),118,R,2016
808,Daya,Hide Away,122,R,2016
809,Shawn Mendes & Camila Cabello,I Know What You Did Last Summer,120,R,2016
810,Troye Sivan,Youth (Remix),128,R,2016
811,Alessia Cara,Wild Things (Remix),100,R,2016
812,MNEK & Zara Larsson,Never Forget You,125,G,2016
813,Zendaya (f/Chris Brown),Something New,102,R,2016
814,Daya,Hide Away (Remix),100,R,2016
815,Ellie Goulding,Something In The Way You Move (Remix),126,R,2016
816,Justin Bieber,Love Yourself,128,R,2016
817,The Weeknd,In The Night (Remix),124,R,2016
818,The Chainsmokers (f/Rozes),Roses (Remix),105,R,2016
819,The Chainsmokers (f/Rozes),Roses (Remix),115,R,2016
820,Ellie Goulding,Something In The Way You Move (Remix),124,R,2016
821,Lukas Graham,7 Years (Remix),128,R,2016
823,Gwen Stefani,Make Me Like You,118,R,2016
824,Ed Sheeran,Don't (Remix),120,G,2014
825,Andy Grammer,Honey I'm Good,122,G,2015
826,Selena Gomez,Hands To Myself (Remix),128,R,2016
827,Taylor Swift,New Romantics,122,R,2016
828,Fifth Harmony (f/Ty Dolla $ign),Work From Home,105,R,2016
829,Kygo (f/Parson James),Stole The Show,100,R,2016
830,Nathan Sykes (f/Ariana Grande),Over & Over Again,130,R,2016
831,Shawn Hook,Sound Of Your Heart (Remix),128,R,2016
832,Ellie Goulding,Something In The Way You Move (Remix),115,R,2016
833,Ellie Goulding,Something In The Way You Move (Remix),128,R,2016
834,DJ Snake (f/Bipolar Sunshine),The Middle (Remix),115,R,2016
835,DJ Snake (f/Bipolar Sunshine),The Middle (Remix),128,R,2016
836,MNEK & Zara Larsson,Never Forget You (Remix),124,R,2016
837,Justin Bieber,Company,95,R,2016
839,Meghan Trainor,No,94,R,2016
840,Rihanna (f/Drake),Work (Remix),128,R,2016
842,Ne-Yo,Because Of You,128,G,2007
843,Dillon Francis & Kygo,Coming Over (Remix),123,R,2016
844,Major Lazer,Light It Up (Remix),124,R,2016
845,Major Lazer,Light It Up (Remix),108,R,2016
846,Iggy Azalea,Team,100,R,2016
847,Fifth Harmony,Work From Home (Remix),128,R,2016
848,Selena Gomez,Hands To Myself (Remix),125,G,2016
850,Lukas Graham,7 Years (Remix),115,R,2016
851,Zayn,Pillowtalk (Remix),126,R,2016
853,Gwen Stefani,Make Me Like You (Remix),127,R,2016
854,Panic At The Disco,Victorious (Remix),123,R,2016
855,Mike Posner,I Took A Pill In Ibiza (Remix),126,R,2016
856,R Kelly,Ignition,126,G,2003
857,DNCE,Cake By The Ocean (Remix),126,R,2016
858,Rihanna (f/Drake),Work (Remix),125,G,2016
859,Panic At The Disco,Victorious,110,R,2016
860,Troye Sivan,Youth (Remix),104,R,2016
861,Jason Derulo,If It Ain't Love,129,R,2016
862,Grace (f/G-Eazy),You Don't Own Me (Remix),124,R,2016
863,Grace (f/G-Eazy),You Don't Own Me (Remix),126,R,2016
864,Ginuwine,Pony (Remix),124,G,1996
865,Blackstreet,No Diggity (Remix),100,G,1996
866,Drake,One Dance,104,R,2016
867,Sia (f/Sean Paul),Cheap Thrills,104,R,2016
868,Alessia Cara,Wild Things (Remix),122,R,2016
869,Fifth Harmony (f/Ty Dolla $ign),Work From Home (Remix),124,R,2016
870,Ariana Grande,Dangerous Woman (Remix),126,R,2016
871,Ruth B,Lost Boy (Remix),122,R,2016
872,AlunaGeorge (f/Popcaan),I'm In Control,104,R,2016
873,Flume (f/Kai),Never Be Like You (Remix),125,G,2016
874,Kanye West (f/Daft Punk),Stronger,104,G,2007
875,Nick Jonas (f/Tove Lo),Close (Remix),124,R,2016
876,Nick Jonas (f/Tove Lo),Close (Remix),115,R,2016
877,Twenty One Pilots,Ride (Remix),128,R,2016
878,Melanie Martinez,Pity Party (Remix),128,R,2016
879,Ellie Goulding,Army (Remix),115,R,2016
880,Alan Walker,Faded (Remix),122,R,2016
881,Calvin Harris (f/Rihanna),This Is What You Came For,124,R,2016
882,Rihanna,Kiss It Better (Remix),95,R,2016
883,Timeflies,Once In A While,105,R,2016
884,Selena Gomez,Kill Em With Kindness,120,R,2016
885,Justin Timberlake,Can't Stop The Feeling,113,R,2016
886,Grace (f/G-Eazy),You Don't Own Me (Remix),130,R,2016
887,Ellie Goulding,Army (Remix),124,R,2016
888,Drake,One Dance (Remix),124,R,2016
889,Meghan Trainor,Me Too,124,R,2016
890,Pitbull (f/Enrique Iglesias),Messin' Around,124,R,2016
891,Desiigner,Panda (Remix),128,R,2016
892,Sia (f/Sean Paul),Cheap Thrills (Remix),123,R,2016
893,Zayn,Like I Would,124,R,2016
894,DNCE,Toothbrush,105,R,2016
895,Kiiara,Gold (Remix),120,R,2016
896,Alesso (f/Nico & Vinz),I Wanna Know,116,R,2016
897,Alesso (f/Nico & Vinz),I Wanna Know (Remix),126,R,2016
898,Pitbull (f/Enrique Iglesias),Messin' Around (Remix),92,R,2016
899,Selena Gomez,Kill Em With Kindness (Remix),123,R,2016
900,The Chainsmokers (f/Daya),Don't Let Me Down,91,R,2016
901,Ruth B,Lost Boy (Remix),116,R,2016
902,Bebe Rexha (f/Nicki Minaj),No Broken Hearts,128,R,2016
903,Charlie Puth (f/Selena Gomez),We Don't Talk Anymore,100,R,2016
905,Rihanna,Needed Me (Remix),126,R,2016
906,Rihanna,Needed Me (Remix),100,R,2016
907,Fifth Harmony (f/Fetty Wap),All In My Head,95,R,2016
909,Beyonce,Sorry (Remix),130,R,2016
910,Ariana Grande,Into You,108,R,2016
913,Jordan Fisher,All About Us,93,R,2016
914,Coldplay (f/Beyonce),Hymn For The Weekend (Remix),125,G,2016
915,Drake (f/Rihanna),Too Good,118,R,2016
916,Galantis,No Money,126,R,2016
917,Zara Larsson,Lush Life,98,R,2016
918,Pink,Just Like Fire (Remix),128,R,2016
919,Adele,Send My Love (To Your New Lover) (Remix),100,R,2016
920,Pink,Just Like Fire (Remix),120,R,2016
921,Twenty One Pilots,Stressed Out (Remix),123,R,2016
922,Ariana Grande,Into You (Remix),123,R,2016
923,Justin Timberlake,Can't Stop The Feeling (Remix),122,R,2016
924,OneRepublic,Wherever I Go (Remix),105,R,2016
925,OneRepublic,Wherever I Go (Remix),120,R,2016
926,Kiiara,Gold (Remix),100,R,2016
927,Kungs vs Cookin' On 3 Burners,This Girl,122,R,2016
929,Demi Lovato,Body Say,126,R,2016
930,Pink,Just Like Fire (Remix),90,R,2016
931,Daya,Sit Still Look Pretty,91,R,2016
932,Major Lazer (feat Justin Bieber & Mo),Cold Water (Remix),123,R,2016
933,Major Lazer (feat Justin Bieber & Mo),Cold Water,93,R,2016
934,Britney Spears (feat G-Eazy),Make Me,123,R,2016
935,X Ambassadors,Unsteady,122,R,2016
936,DNCE,Toothbrush (Remix),118,R,2016
937,Tinie Tempah (f/Zara Larsson),Girls Like,120,R,2016
938,Hailee Steinfeld & Grey (f/Zedd),Starving,100,R,2016
939,Fifth Harmony (f/Fetty Wap),All In My Head (Remix),124,R,2016
940,Fifth Harmony (f/Fetty Wap),All In My Head,102,R,2016
942,DNCE,Toothbrush (Remix),125,G,2016
943,Flume (f/Kai),Never Be Like You (Remix),128,R,2016
944,Kungs vs Cookin' On 3 Burners,This Girl (Remix),128,R,2016
945,Daya,Sit Still Look Pretty (Remix),100,R,2016
946,Katy Perry,Rise (Remix),110,R,2016
947,Major Lazer (f/Justin Bieber & Mo),Cold Water (Remix),106,R,2016
948,Drake (f/Rihanna),Too Good (Remix),126,R,2016
949,The Chainsmokers (f/Halsey),Closer,95,R,2016
950,Rihanna (f/Drake),Work (Remix),112,R,2016
952,DJ Snake (f/Justin Bieber),Let Me Love You,100,R,2016
953,Katy Perry,Rise (Remix),124,R,2016
954,Gnash (f/Olivia O'Brien),"I Hate You, I Love You (Remix)",118,R,2016
955,Troye Sivan (f/Alessia Cara),Wild,94,R,2016
957,DJ Snake (f/Justin Bieber),Let Me Love You (Remix),122,R,2016
958,Pitbull (f/Flo Rida & Lunchmoney Lewis),Greenlight,115,R,2016
959,Tove Lo,Cool Girl,102,R,2016
960,The Chainsmokers (f/Halsey),Closer (Remix),126,R,2016
961,Adele,Send My Love (To Your New Lover) (Remix),106,R,2016
962,Tory Lanez,LUV,95,R,2016
963,Frenship (f/Emily Warren),Capsize,93,R,2016
964,Jason Derulo,Kiss The Sky,110,R,2016
966,Major Lazer (f/Justin Bieber & Mo),Cold Water (Remix),100,R,2016
967,Twenty One Pilots,Heathens (Remix),124,R,2016
968,Ellie Goulding,Still Falling For You (Remix),123,R,2016
969,Cash Cash & Digital Farm Animals (f/Nelly),Millionaire,100,R,2016
970,Drake,Controlla,96,R,2016
971,Lady Gaga,Perfect Illusion,125,G,2016
972,Calvin Harris,My Way,120,R,2016
973,Shawn Mendes,Treat You Better (Remix),98,R,2016
974,The Chainsmokers (f/Halsey),Closer (Remix),100,R,2016
975,Pitbull (f/Flo Rida & Lunchmoney Lewis),Greenlight (Remix),127,R,2016
976,Frenship (f/Emily Warren),Capsize,103,R,2016
977,The Weeknd (f/Daft Punk),Starboy,93,R,2016
978,Shawn Mendes,Treat You Better (Remix),100,R,2016
981,Calvin Harris,My Way (Remix),124,R,2016
982,Sia (f/Kendrick Lamar),The Greatest,96,R,2016
983,Kanye West,Fade,106,R,2016
984,Tinashe,Superlove (Remix),135,R,2016
985,Alessia Cara,Scars To Your Beautiful,97,R,2016
987,Twenty One Pilots,Heathens (Remix),106,R,2016
988,Twenty One Pilots,Heathens (Remix),92,R,2016
990,The Chainsmokers (f/Halsey),Closer (Remix),108,R,2016
991,Kiiara,Gold (Remix),123,R,2016
992,Tory Lanez,LUV (Remix),110,R,2016
993,X Ambassadors,Unsteady (Remix),117,R,2016
994,Fifth Harmony,That's My Girl,101,R,2016
996,Major Lazer (f/Justin Bieber & Mo),Cold Water (Remix),120,R,2016
997,Major Lazer (f/Justin Bieber & Mo),Cold Water (Remix),128,R,2016
998,Adele,Send My Love (To Your New Lover) (Remix),105,R,2016
999,Adele,Send My Love (To Your New Lover) (Remix),115,R,2016
1000,Adele,Send My Love (To Your New Lover) (Remix),120,R,2016
1001,The Weeknd (f/Daft Punk),Starboy (Remix),122,R,2016
1003,DNCE,Body Moves,102,R,2016
1004,Ja Rule (f/Ashanti),Always On Time,100,G,2003
1005,Coldplay (f/Beyonce),Hymn For The Weekend,102,R,2016
1006,Sia (f/Kendrick Lamar),The Greatest (Remix),108,R,2016
1007,John Legend,Love Me Now,124,R,2016
1008,Twenty One Pilots,Heathens,90,R,2016
1009,Twenty One Pilots,Ride,75,R,2016
1010,Twenty One Pilots,Stressed Out,85,R,2016
1011,Adele,Hello,85,G,2015
1012,The Chainsmokers (f/Daya),Don't Let Me Down,80,R,2016
1015,Alessia Cara,Here,72,R,2016
1016,Ariana Grande (f/Nicki Minaj),Side To Side,80,R,2016
1017,Ariana Grande (f/Mac Miller),The Way,82,G,
1018,Coldplay (f/Beyonce),Hymn For The Weekend,90,R,2016
1019,X Ambassadors,Renegades,90,R,2016
1020,Adele,Send My Love (To Your New Lover),82,R,2016
1021,Pink,Just Like Fire,81,R,2016
1023,James Bay,Let It Go,82,R,2016
1024,James Bay,Let It Go,90,R,2016
1025,Shawn Mendes,Stitches,75,R,2016
1026,Shawn Mendes,Treat You Better,83,R,2016
1027,Zara Larsson & MNEK,Never Forget You,73,R,2016
1028,Selena Gomez (f/A$AP Rocky),Good For You,90,R,2016
1029,Nick Jonas,Jealous,93,G,2015
1030,Daya,Hide Away,95,R,2016
1031,Ellie Goulding,On My Mind,77,R,2016
1032,Drake,Hotline Bling,68,R,2016
1033,Taylor Swift (f/Kendrick Lamar),Bad Blood,85,G,2015
1034,Ed Sheeran,Thinking Out Loud,85,R,2016
1035,Ed Sheeran,Thinking Out Loud,89,R,2016
1037,Ellie Goulding,Love Me Like You Do,95,G,2015
1038,Kent Jones,Don't Mind,80,R,2016
1039,Charlie Puth,One Call Away,91,R,2016
1040,David Guetta (f/Nicki Minaj),Hey Mama,86,G,2015
1041,David Guetta (f/Nicki Minaj),Hey Mama,92,G,2015
1042,Maroon 5,Animals,95,G,2014
1044,Nick Jonas,Chains,85,G,2015
1045,Sam Smith (f/A$AP Rocky),I'm Not The Only One,82,G,2015
1046,Iggy Azalea (f/Rita Ora),Beg For It,93,G,2015
1047,Taylor Swift,Shake It Off,82,G,2014
1048,Ed Sheeran,Don't,95,G,2014
1049,Bruno Mars,Locked Out Of Heaven,144,G,2012
1050,Katy Perry (f/Juicy J),Dark Horse,66,G,2013
1051,B.O.B. (f/Hayley Williams),Airplanes Part 2,93,G,2010
1052,Macklemore & Ryan Lewis,Can't Hold Us,73,G,2012
1053,Sia,Chandelier,87,G,2014
1054,Nelly,Ride Wit Me,101,G,2000
1055,Jason Derulo,Whatcha Say,72,G,2009
1056,Magic,Rude,72,G,2013
1057,Magic,Rude,85,G,2013
1058,Lorde,Royals,85,G,2013
1059,Sam Smith,Stay With Me,85,G,2014
1060,Sam Smith,Stay With Me (Remix),93,G,2014
1061,Eminem,Lose Yourself,85,G,2002
1062,Eminem (f/Rihanna),Love The Way You Lie,86,G,2010
1063,Justin Timberlake (f/T.I.),My Love,120,G,2006
1064,Kanye West (f/Jamie Foxx),Gold Digger,92,G,2005
1065,Maroon 5,One More Night,93,G,2012
1066,Justin Timberlake,Mirrors,77,G,2013
1067,Rihanna (f/Jay Z),Umbrella,87,G,2007
1068,Charli XCX,Boom Clap,92,G,2014
1069,Imagine Dragons,Demons,90,G,2012
1070,Ellie Goulding,Burn,87,G,2013
1071,Katy Perry (f/Kanye West),E.T.,75,G,2010
1072,Iggy Azalea (f/Rita Ora),Black Widow,82,G,2014
1073,Iggy Azalea (f/Charli XCX),Fancy,95,G,2014
1074,Jay Z (f/Justin Timberlake),Holy Grail,72,G,2013
1075,Fall Out Boy,Uma Thurman,75,G,2015
1076,Fall Out Boy,My Songs Know What You Did Last Summer,76,G,2013
1077,Lumineers,Ho Hey,80,G,2012
1078,Katy Perry,Roar,90,G,2013
1079,Pharrell Williams,Happy,85,G,2013
1080,Chris Brown,Forever,120,G,2008
1081,Jessie J & Ariana Grande,Bang Bang,75,G,2014
1083,Sean Paul,Temperature,125,G,2005
1084,T.I.,Whatever You Like,75,G,2008
1085,Jay Z (f/Alicia Keys),Empire State Of Mind,87,G,2009
1086,The Notorious B.I.G.,Mo Money Mo Problems,104,G,1997
1087,Fun,We Are Young,92,G,2011
1088,Nelly,Just A Dream,95,G,2010
1089,Justin Timberlake (f/Jay Z),Suit & Tie,102,G,2013
1090,Fat Joe (f/Ashanti),What's Luv,94,G,2001
1091,Baby Bash,Suga Suga,82,G,2003
1092,50 Cent,In Da Club,90,G,2003
1093,2 Pac (f/Dr Dre),California Love,92,G,1995
1094,Selena Gomez,Come & Get It,80,G,2013
1095,Rihanna,Diamonds,92,G,2012
1096,Ne-Yo,Miss Independent,87,G,2008
1097,Maroon 5,Pay Phone,110,G,2012
1098,Avicii,Levels,125,G,2011
1099,Wiz Khalifa (f/Snoop Dogg),Young Wild & Free,95,G,2011
1100,T.I. (f/Rihanna),Live Your Life,80,G,2008
1101,Rihanna,Rude Boy,87,G,2009
1102,Beyonce (f/Sean Paul),Baby Boy,92,G,2003
1103,Justin Timberlake,Cry Me A River,80,G,2002
1104,David Guetta (f/Nicki Minaj),Turn Me On,128,G,2011
1106,The Notorious B.I.G.,Hypnotize,94,G,1997
1107,TLC,No Scrubs,94,G,1999
1108,Maroon 5 (f/Kendrick Lamar),Don't Wanna Know,100,R,2016
1109,Kanye West,Fade (Remix),124,R,2016
1110,Rihanna,Love On The Brain (Remix),80,R,2016
1111,Rihanna,Love On The Brain (Remix),122,R,2016
1112,Rihanna,Love On The Brain (Remix),125,G,2016
1114,Dua Lipa,Blow Your Mind (Mwah),109,R,2016
1115,Alessia Cara,Scars To Your Beautiful (Remix),118,R,2016
1116,Alessia Cara,Scars To Your Beautiful (Remix),100,R,2016
1117,Sia (f/Kendrick Lamar),The Greatest (Remix),103,R,2016
1118,Jon Bellion,All Time Low,90,R,2016
1119,Ariana Grande (f/Nicki Minaj),Side To Side (Remix),128,R,2016
1120,Gnash (f/Olivia O'Brien),"I Hate U, I Love U (Remix)",100,R,2016
1124,Maroon 5,Don't Wanna Know (Remix),125,G,2016
1125,The Weeknd (f/Daft Punk),Starboy (Remix),100,R,2016
1126,X Ambassadors,Unsteady (Remix),126,R,2016
1127,Niall Horan,This Town,120,R,2016
1128,Zara Larsson,Ain't My Fault (Remix),128,R,2016
1129,Maroon 5 (f/Kendrick Lamar),Don't Wanna Know,105,R,2016
1131,Anne Marie,Alarm (Remix),126,R,2016
1133,The Chainsmokers (f/Phoebe Ryan),All We Know (Remix),100,R,2016
1134,The Chainsmokers (f/Phoebe Ryan),All We Know,93,R,2016
1135,Machine Gun Kelly (f/Camila Cabello),Bad Things (Remix),130,R,2016
1136,Dua Lipa,Blow Your Mind (Mwah) (Remix),124,R,2016
1137,Hailee Steinfeld & Grey (f/Zedd),Starving,124,R,2016
1138,Missy Elliot,Get Ur Freak On (Remix),100,G,2000
1139,Missy Elliot,Work It,102,G,2004
1140,Nelly Furtado (f/Timbaland),Promiscuous,126,G,2006
1141,Lady Gaga,Million Reasons (Remix),126,R,2016
1144,Maroon 5,Don't Wanna Know (Remix),110,R,2016
1145,Maroon 5,Don't Wanna Know (Remix),123,R,2016
1146,Ariana Grande (f/Nicki Minaj),Side To Side (Remix),124,R,2016
1148,Twenty One Pilots,Heathens (Remix),118,R,2016
1149,Rae Sremmurd,Black Beatles (Remix),135,R,2016
1150,Rae Sremmurd,Black Beatles,73,R,2016
1151,Daya,Words,125,R,2016
1152,The Weeknd (f/Daft Punk),I Feel It Coming,93,R,2016
1153,The Weeknd (f/Daft Punk),Starboy (Remix),106,R,2016
1154,Rae Sremmurd,Black Beatles (Remix),126,R,2016
1155,MGK (f/Camila Cabello),Bad Things,69,R,2016
1156,Martin Garrix (f/Bebe Rexha),In The Name Of Love,67,R,2016
1158,Drake,Fake Love (Remix),125,R,2016
1159,Britney Spears (f/Tinashe),Slumber Party (Remix),126,R,2016
1160,OneRepublic,Kids (Remix),105,R,2016
1161,Sia (f/Kendrick Lamar),The Greatest (Remix),112,R,2016
1162,Bebe Rexha,I Got You,98,R,2016
1163,Shawn Mendes,Mercy,74,R,2016
1164,Drake,Fake Love (Remix),134,C,2016
1165,Drake,Fake Love,67,R,2016
1166,Rihanna,Love On The Brain (Remix),67,R,2016
1167,Rihanna,Love On The Brain (Remix),126,R,2016
1168,Clean Bandit (f/Anne Marie & Sean Paul),Rockabye,102,R,2016
1169,Sia (f/Kendrick Lamar),The Greatest (Remix),122,R,2016
1170,Hey Violet,Guys My Age (Remix),122,R,2016
1171,Niall Horan,This Town (Remix),124,R,2016
1172,Zayn (f/Taylor Swift),I Don't Wanna Live Forever,118,R,2016
1174,The Weeknd (f/Daft Punk),I Feel It Coming (Remix),118,R,2016
1175,Charli XCX,After The Afterparty (Remix),124,R,2017
1176,Ed Sheeran,Shape Of You (Remix),126,R,2017
1177,Ed Sheeran,Shape Of You,96,R,2017
1178,Calum Scott,Dancing On My Own (Remix),122,R,2017
1179,Lil Jon (f/Yandel & Becky G),Take It Off,110,R,2017
1180,Amine,Caroline,120,R,2017
1181,Hey Violet,Guys My Age,70,R,2017
1182,Clean Bandit (f/Anne Marie & Sean Paul),Rockabye,112,R,2017
1183,Clean Bandit (f/Anne Marie & Sean Paul),Rockabye,124,R,2017
1184,The Chainsmokers,Paris,100,R,2017
1185,Steve Aoki (f/Louis Tomlinson),Just Hold On,115,R,2017
1187,Starley,Call On Me (Remix),122,R,2017
1188,Starley,Call On Me,98,R,2017
1189,Flume (f/Tove Lo),Say It (Remix),126,R,2017
1190,Flume (f/Tove Lo),Say It (Remix),130,R,2017
1191,Sabrina Carpenter,Thumbs,132,R,2017
1192,Ed Sheeran,Castle On The Hill (Remix),130,R,2017
1194,Clean Bandit (f/Anne Marie & Sean Paul),Rockabye (Remix),121,R,2017
1195,The Weeknd (f/Daft Punk),I Feel It Coming (Remix),126,R,2017
1196,Ariana Grande (f/Nicki Minaj),Side To Side (Remix),90,R,2016
1197,PartyNextDoor,Not Nice,128,R,2017
1199,Ariana Grande (f/Nicki Minaj),Side To Side (Remix),108,R,2016
1200,Fitz & The Tantrums,HandClap (Remix),128,R,2017
1201,Fitz & The Tantrums,HandClap (Remix),118,R,2017
1202,MGK x Camila Cabello,Bad Things (Remix),132,R,2017
1203,Ed Sheeran,Shape Of You (Remix),117,R,2017
1204,Ed Sheeran,Shape Of You (Remix),123,R,2017
1205,Starley,Call On Me (Remix),120,R,2017
1206,Bebe Rexha,I Got You (Remix),126,R,2017
1207,Ariana Grande (f/Nicki Minaj),Side To Side (Remix),99,R,2017
1208,Bebe Rehxa,I Got You (Remix),104,R,2017
1209,The Chainsmokers,Paris (Remix),126,R,2017
1210,The Chainsmokers,Paris (Remix),124,R,2017
1211,The Weeknd (f/Daft Punk),I Feel It Coming,116,R,2017
1212,Zayn (f/Taylor Swift),I Don't Wanna Live Forever (Remix),124,R,2017
1213,Ed Sheeran,Shape Of You (Remix),120,R,2017
1214,Ariana Grande (f/Future),Everyday (Remix),125,R,2017
1215,Ed Sheeran,Shape Of You (Remix),102,R,2017
1216,Clean Bandit (f/Anne Marie & Sean Paul),Rockabye (Remix),123,R,2017
1218,Migos (f/Lil Uzi Vert),Bad & Boujee (Remix),126,R,2017
1219,Bruno Mars,That's What I Like (Remix),128,R,2017
1221,Katy Perry,Chained To The Rhythm,96,R,2017
1222,Lady Gaga,Million Reasons,130,R,2017
1223,Major Lazer (f/PartyNextDoor & Nicki Minaj),Run Up,108,R,2017
1224,Julia Michaels,Issues (Remix),114,R,2017
1225,Katy Perry,Chained To The Rhythm (Remix),123,R,2017
1226,Julia Michaels,Issues (Remix),118,R,2017
1227,James Arthur,Say You Won't Let Go (Remix),98,R,2017
1228,Shawn Mendes,Mercy (Remix),86,R,2017
1229,Maroon 5 (f/Future),Cold,100,R,2017
1230,Kygo (f/Selena Gomez),It Ain't Me,100,R,2017
1231,Ariana Grande (f/Future),Everyday (Remix),133,R,2017
1232,Maroon 5 (f/Future),Cold (Remix),125,R,2017
1233,Martin Garrix (f/Bebe Rexha),Scared To Be Lonely (Remix),126,R,2017
1234,The Chainsmokers & Coldplay,Something Just Like This (Remix),124,R,2017
1235,The Chainsmokers & Coldplay,Something Just Like This,103,R,2017
1236,Zedd (f/Alessia Cara),Stay,102,R,2017
1237,Flo Rida (f/99 Percent),Cake,105,R,2017
1238,Flo Rida (f/99 Percent),Cake (Remix),116,R,2017
1239,Zara Larsson,So Good (Remix),101,R,2017
1240,Ariana Grande (f/Future),Everyday,66,R,2017
1241,Bruno Mars,That's What I Like,66,R,2017
1242,Bruno Mars,That's What I Like (Remix),70,R,2017
1243,Linkin Parkk (f/Kiiara),Heavy,76,R,2017
1244,Lorde,Green Light,129,R,2017
1245,Axwell & Ingrosso (f/Kid Ink),I Love You,115,R,2017
1248,DJ Khaled (f/Beyonce & Jay Z),Shining,112,R,2017
1249,Stargate (f/Pink & Sia),Waterfall,92,R,2017
1250,Jason Derulo (f/Ty Dolla $ign & Nicki Minaj),Swalla,98,R,2017
1251,Future (f/Rihanna),Selfish,96,R,2017
1254,AJR,Weak (Remix),124,R,2017
1255,AJR,Weak (Remix),126,R,2017
1256,Maroon 5 (f/Future),Cold (Remix),116,R,2017
1257,Marian Hill,Down (Remix),120,R,2017
1258,Zayn (f/PartyNextDoor),Still Got Time,121,R,2017
1262,The Chainsmokers & Coldplay,Something Just Like This (Remix),123,R,2017
1264,Kygo x Selena Gomez,It Ain't Me (Remix),115,R,2017
1265,Kygo x Selena Gomez,It Ain't Me (Remix),124,R,2017
1266,Zedd & Alessia Cara,Stay (Remix),124,R,2017
1267,Julia Michaels,Issues (Remix),125,R,2017
1268,The Chainsmokers,Paris (Remix),118,R,2017
1269,Axwell & Ingrosso (f/Kid Ink),I Love You (Remix),126,R,2017
1270,Calvin Harris (f/Frank Ocean & Migos),Slide (Remix),123,R,2017
1271,Iggy Azalea,Mo Bounce,106,R,2017
1272,Jason Derulo (f/Nicki Minaj & Ty Dolla $ign),Swalla (Remix),120,R,2017
1273,Katy Perry,Chained To The Rhythm (Remix),126,R,2017
1274,Katy Perry,Chained To The Rhythm (Remix),103,R,2017
1275,Kygo x Selena Gomez,It Ain't Me (Remix),125,R,2017
1276,The Chainsmokers & Coldplay,Something Just Like This (Remix),128,R,2017
1277,The Weeknd,Party Monster (Remix),128,R,2017
1278,The Weeknd,Rockin',113,R,2017
1279,Jax Jones (f/Raye),You Don't Know Me,124,R,2017
1280,MGK x Hailee Steinfeld,At My Best,85,R,2017
1281,G-Eazy (f/Kehlani),Good Life,84,R,2017
1282,Future (f/Rihanna),Selfish (Remix),124,R,2017
1283,Maroon 5 (f/Future),Cold (Remix),124,R,2017
1284,Ed Sheeran,Castle On The Hill (Remix),125,R,2017
1285,Ed Sheeran,Castle On The Hill (Remix),129,R,2017
1286,Cheat Codes (f/Demi Lovato),No Promises,113,R,2017
1287,James Arthur,Say You Won't Let Go (Remix),122,R,2017
1288,DNCE (f/Nicki Minaj),Kissing Strangers,120,R,2017
1289,Lady Gaga,The Cure,100,R,2017
1291,Shawn Mendes,There's Nothin' Holding Me Down,122,R,2017
1292,Kyle (f/Lil Yachty),iSpy,75,R,2017
1293,Charlie Puth,Attention,100,R,2017
1294,Charlie Puth,Attention (Remix),115,R,2017
1296,Katy Perry (f/Migos),Bon Apetit,106,R,2017
1297,Charlie Puth,Attention (Remix),104,R,2017
1298,Hailee Steinfeld,Most Girls,103,R,2017
1299,Luis Fonsi & Daddy Yankee (f/Justin Bieber),Despacito (Remix),100,R,2017
1300,DJ Khaled (f/Justin Bieber & Others),I'm The One,81,R,2017
1301,DJ Khaled (f/Justin Bieber & Others),I'm The One (Remix),104,R,2017
1302,Luis Fonsi & Daddy Yankee (f/Justin Bieber),Despacito,89,R,2017
1303,Lady Gaga,The Cure (Remix),125,R,2017
1304,Katy Perry (f/Nicki Minaj),Swish Swish,120,R,2017
1305,Kygo x Ellie Goulding,First Time,90,R,2017
1306,Kygo x Ellie Goulding,First Time (Remix),100,R,2017
1307,Kygo x Ellie Goulding,First Time (Remix),125,R,2017
1308,Selena Gomez,Bad Liar,121,R,2017
1310,Halsey,Now Or Never (Remix),110,R,2017
1312,Miley Cyrus,Malibu (Remix),125,R,2017
1313,Halsey,Now Or Never (Remix),105,R,2017
1314,Camila Cabello,Crying In The Club,86,R,2017
1315,Camila Cabello,Crying In The Club (Remix),92,R,2017
1316,Miley Cyrus,Malibu,140,R,2017
1317,Post Malone (f/Quavo),Congratulations,123,R,2017
1318,Childish Gambino,Redbone (Remix),123,R,2017
1319,Iggy Azalea (f/Anitta),Switch,110,R,2017
1320,Charlie Puth,Attention (Remix),124,R,2017
1321,Niall Horan,Slow Hands,86,R,2017
1323,Lady Gaga,The Cure (Remix),120,R,2017
1324,Clean Bandit (f/Zara Larsson),Symphony (Remix),124,R,2017
1325,Fifth Harmony (f/Gucci Mane),Down,98,R,2017
1326,French Montana (f/Swae Lee),Unforgettable,102,R,2017
1327,French Montana (f/Swae Lee),Unforgettable,98,R,2017
1328,Bebe Rexha (f/Lil Wayne),The Way I Are,93,R,2017
1329,David Guetta (f/Justin Bieber),2U,73,R,2017
1330,Childish Gambino,Redbone (Remix),93,R,2017
1331,DJ Khaled (f/Rihanna & Bryson Tiller),Wild Thoughts,98,R,2017
1332,"Calvin Harris (f/Katy Perry, Pharrell & Big Sean)",Feels,101,R,2017
1333,Luis Fonsi & Daddy Yankee (f/Justin Bieber),Despacito (Remix),122,R,2017
1334,Luis Fonsi & Daddy Yankee (f/Justin Bieber),Despacito (Remix),126,R,2017
1335,Shawn Mendes,There's Nothin' Holding Me Back (Remix),126,R,2017
1336,Charlie Puth,Attention (Remix),120,R,2017
1337,Charlie Puth,Attention (Remix),126,R,2017
1338,Camila Cabello,Crying In The Club (Remix),126,R,2017
1339,Bruno Mars,Versace On The Floor,87,R,2017
1340,David Guetta (f/Nicki Minaj),2U (Remix),126,R,2017
1341,DJ Khaled (f/Rihanna & Bryson Tiller),Wild Thoughts (Remix),110,R,2017
1342,DJ Khaled (f/Rihanna & Bryson Tiller),Wild Thoughts (Remix),125,R,2017
1343,DJ Khaled (f/Rihanna & Bryson Tiller),Wild Thoughts (Remix),105,R,2017
1344,Miley Cyrus,Malibu (Remix),128,R,2017
1345,"Major Lazer (f/Travis Scott, Camila Cabello & Quavo)",Know No Better,119,R,2017
1346,Cheat Codes (f/Demi Lovato),No Promises (Remix),126,R,2017
1347,Miley Cyrus,Malibu,70,R,2017
1349,Zedd & Liam Payne,Get Low,108,R,2017
1350,Machine Gun Kelly & James Arthur,Go For Broke,90,R,2017
1351,The Chainsmokers,Honest,100,R,2017
1353,Liam Payne (f/Quavo),Strip That Down (Remix),110,R,2017
1354,Kesha,Praying (Remix),130,R,2017
1355,David Guetta (f/Justin Bieber),2U (Remix),128,R,2017
1356,Selena Gomez,Bad Liar (Remix),126,R,2017
1357,Niall Horan,Slow Hands (Remix),114,R,2017
1358,Niall Horan,Slow Hands (Remix),110,R,2017
1359,Jonas Blue (f/William Singe),Mama,104,R,2017
1360,Jonas Blue (f/William Singe),Mama (Remix),122,R,2017
1361,"Portugal, The Man",Feel It Still (Remix),125,R,2017
1362,Selena Gomez (f/Gucci Mane),Fetish,123,R,2017
1363,Rita Ora,Your Song,118,R,2017
1364,Rita Ora,Your Song (Remix),122,R,2017
1365,Bruno Mars vs David Guetta,Versace On The Floor (Remix),100,R,2017
1366,Halsey,Now Or Never (Remix),113,R,2017
1367,Fifth Harmony (f/Gucci Mane),Down (Remix),122,R,2017
1370,French Montana (f/Swae Lee),Unforgettable,124,R,2017
1371,Rihanna,Pon De Replay,105,G,2004
1373,Selena Gomez (f/Gucci Mane),Fetish (Remix),124,R,2017
1374,Selena Gomez (f/Gucci Mane),Fetish (Remix),128,R,2017
1375,Khalid,Location (Remix),105,R,2017
1376,Khalid,Location (Remix),96,R,2017
1377,Max (f/Gnash),Lights Down Low (Remix),97,R,2017
1378,J Balvin & Willy William,Mi Gente,105,R,2017
1379,Dej Loaf,No Fear,100,R,2017
1380,Dua Lipa,New Rules,116,R,2017
1381,DJ Khaled (f/Rihanna & Bryson Tiller),Wild Thoughts (Remix),116,R,2017
1382,Pink,What About Us?,114,R,2017
1383,All Time Low,Good Times (Remix),110,R,2017
1384,All Time Low,Good Times,130,R,2017
1385,Kesha,Praying (Remix),126,R,2017
1386,Louis Tomlinson (f/Bebe Rexha),Back To You (Remix),130,R,2017
1387,Liam Payne (f/Quavo),Strip That Down (Remix),124,R,2017
1388,Justin Bieber & Bloodpop,Friends,105,R,2017
1389,The Chainsmokers,Honest (Remix),120,R,2017
1390,Calvin Harris (f/Katy Perry & Pharrell),Feels (Remix),120,R,2017
1391,French Montana (f/Swae Lee),Unforgettable (Remix),123,R,2017
1392,Jax Jones (f/Demi Lovato),Instruction,121,R,2017
1393,Skrillex (f/Poo Bear),Would You Ever?,126,R,2017
1395,Demi Lovato,Sorry Not Sorry,72,R,2017
1396,Post Malone,Better Now,72,C,2018
1397,Post Malone,Better Now,126,C,2018
1398,Maroon 5 (f/Cardi B.),Girls Like You,125,C,2018
1399,Khalid x Normani,Love Lies,72,R,2018
1400,Khalid x Normani,Love Lies (Remix),125,C,2018
1401,Cardi B,I Like It (Remix),128,R,2018
1402,Cardi B,I Like It (Remix),130,C,2018
1403,Cardi B,I Like It,68,R,2018
1404,Selena Gomez,Back To You,102,C,2018
1405,Selena Gomez,Back To You (Remix),124,R,2018
1406,5 Seconds Of Summer,Youngblood,120,C,2018
1407,Drake,In My Feelings (Remix),128,R,2018
1408,Drake,In My Feelings,91,R,2018
1409,DJ Khaled (f/Justin Bieber & Quavo),No Brainer,102,C,2018
1410,DJ Khaled (f/Justin Bieber & Quavo),No Brainer (Remix),120,C,2018
1411,Ariana Grande,God Is A Woman (Remix),126,C,2018
1412,Ariana Grande,No Tears Left To Cry,122,R,2018
1413,Ariana Grande,No Tears Left To Cry (Remix),126,R,2018
1414,Kygo x Miguel,Remind Me To Forget,99,R,2018
1415,Kygo x Miguel,Remind Me To Forget (Remix),123,R,2018
1416,Kygo x Miguel,Remind Me To Forget (Remix),102,R,2018
1417,The Chainsmokers (f/Emily Warren),Side Effects (Remix),124,R,2018
1418,The Chainsmokers (f/Emily Warren),Side Effects,110,R,2018
1419,Bebe Rexha,I’m A Mess,97,C,2018
1420,NF,Lie,95,C,2018
1421,NF,Lie (Remix),100,C,2018
1422,Juice WRLD,Lucid Dreams,84,C,2018
1423,Bryce Vine,Drew Barrymore,76,C,2018
1424,Tiesto & Dzeko (f/Post Malone),Jackie Chan,128,C,2018
1425,Charlie Puth,The Way I Am,115,R,2018
1426,Charlie Puth,The Way I Am (Remix),122,R,2018
1427,Benny Blanco (f/Khalid & Halsey),Eastside,90,C,2018
1428,Madison Beer,Home With You,90,R,2018
1429,Imagine Dragons,Natural,100,C,2018
1430,Sabrina Carpenter,Almost Love (Remix),121,C,2018
1431,Sabrina Carpenter,Almost Love,105,R,2018
1432,Bazzi,Beautiful (Remix),122,C,2018
1433,Lovelytheband,Broken,123,C,2018
1434,Alessia Cara,Growing Pains,96,R,2018
1435,Alessia Cara,Growing Pains,105,R,2018
1438,Ella Mai,Boo'd Up,82,R,2018
1439,Calvin Harris (f/Sam Smith),Promises,123,C,2018
1440,Clean Bandit (f/Demi Lovato),Solo,123,R,2018
1441,Clean Bandit (f/Demi Lovato),Solo,105,R,2018
1442,Drake,Nice For What,93,R,2018
1443,Drake,Nice For What (Remix),124,R,2018
1444,Anne Marie,2002,95,R,2018
1445,Anne Marie,2002 (Remix),124,R,2018
1446,Tyga (f/Offset),Taste,98,R,2018
1447,Logic (f/Ryan Tedder),One Day,95,R,2018
1448,Jonas Blue (f/Jack & Jack),Rise (Remix),125,R,2018
1449,Jason Derulo & David Guetta (f/Nicki Minaj),Goodbye,103,R,2018
1450,Martin Garrix (f/Khalid),Ocean (Remix),126,R,2018
1451,Backstreet Boys,Don't Go Breaking My Heart,95,R,2018
1452,Backstreet Boys,Don't Go Breaking My Heart (Remix),105,R,2018
1453,Backstreet Boys,Don't Go Breaking My Heart (Remix),118,R,2018
1454,Loud Luxury,Body,122,C,2018
1455,Childish Gambino,Summertime Magic,100,R,2018
1456,Post Malone (f/Ty Dolla $ign),Psycho,70,R,2018
1457,Post Malone (f/Ty Dolla $ign),Psycho (Remix),124,R,2018
1458,Drake,God's Plan,77,R,2018
1459,Drake,God's Plan (Remix),128,R,2018
1460,Bazzi,Mine,72,R,2018
1461,Bazzi,Mine (Remix),80,R,2018
1462,Bazzi,Mine (Remix),85,R,2018
1463,Bazzi,Mine (Remix),101,R,2018
1464,Bazzi,Mine (Remix),123,R,2018
1465,Bazzi,Mine (Remix),128,R,2018
1466,The Weeknd & Kendrick Lamar,Pray For Me,101,R,2018
1467,Kendrick Lamar & Sza,All The Stars,97,R,2018
1468,Taylor Swift,Delicate,95,R,2018
1469,Taylor Swift,Delicate (Remix),120,R,2018
1470,Marshmello x Anne Marie,Friends (Remix),124,R,2018
1471,Marshmello x Anne Marie,Friends,95,R,2018
1472,Lauv,I Like Me Better,92,R,2018
1473,Lauv,I Like Me Better (Remix),100,R,2018
1474,Lauv,I Like Me Better (Remix),120,R,2018
1475,Zedd & Maren Morris,The Middle,107,R,2018
1476,Zedd & Maren Morris,The Middle (Remix),125,R,2018
1477,Dua Lipa,New Rules,116,R,2018
1478,Dua Lipa,New Rules (Remix),122,R,2018
1479,Calvin Harris (f/Dua Lipa),One Kiss,124,R,2018
1480,Camila Cabello,Never Be The Same (Remix),130,R,2018
1481,Shawn Mendes,In My Blood (Remix),128,R,2018
1482,Halsey,Bad At Love (Remix),118,R,2018
1483,NF,Let You Down,74,R,2018
1484,NF,Let You Down (Remix),128,R,2018
1485,Camila Cabello,Havana,105,R,2018
1486,Camila Cabello,Havana (Remix),120,R,2018
1487,Camila Cabello,Havana (Remix),124,R,2018
1488,Ed Sheeran,Perfect (Remix),70,R,2018
1489,Ed Sheeran,Perfect (Remix),126,R,2018
1490,G-Eazy & Halsey,Him & I,88,R,2018
1491,G-Eazy & Halsey,Him & I (Remix),120,R,2018
1492,Imagine Dragons,Whatever It Takes (Remix),77,R,2018
1493,Imagine Dragons,Whatever It Takes (Remix),126,R,2018
1494,Imagine Dragons,Thunder,84,R,2018
1495,Imagine Dragons,Thunder (Remix),90,R,2018
1496,Imagine Dragons,Thunder (Remix),124,R,2018
1497,Imagine Dragons,Thunder (Remix),126,R,2018
1498,Bebe Rexha (f/FGL),Meant To Be,77,R,2018
1499,Bebe Rexha (f/FGL),Meant To Be (Remix),85,R,2018
1500,Max (f/Gnash),Lights Down Low,81,R,2018
1502,Max (f/Gnash),Lights Down Low (Remix),105,R,2018
1503,"Portugal, The Man",Feel It Still,79,R,2018
1504,"Portugal, The Man",Feel It Still (Remix),124,R,2018
1505,"Portugal, The Man",Feel It Still (Remix),126,R,2018
1506,Bruno Mars,That's What I Like,67,R,2018
1507,Bruno Mars,That's What I Like,70,R,2018
1508,Bruno Mars,That's What I Like,132,R,2018
1509,Liam Payne (f/Quavo),Strip That Down,106,R,2018
1510,Liam Payne (f/Quavo),Strip That Down (Remix),128,R,2018
1511,Post Malone (f/21 Savage),Rockstar,81,R,2018
1512,Post Malone (f/21 Savage),Rockstar (Remix),110,R,2018
1513,Bruno Mars (f/Cardi B),Finesse,105,R,2018
1514,Bruno Mars (f/Cardi B),Finesse (Remix),122,R,2018
1515,Bruno Mars (f/Cardi B),Finesse (Remix),124,R,2018
1516,Maroon 5,Wait (Remix),122,R,2018
1518,Cheat Codes (f/Demi Lovato),No Promises (Remix),120,R,2018
1519,Selena Gomez x Marshmello,Wolves (Remix),125,R,2018
1520,Cash Cash,Finest Hour,95,R,2018
1521,Hailee Steinfeld & Alesso (f/FGL),Let Me Go,103,R,2018
1522,Foster The People,Sit Next To Me (Remix),105,R,2018
1525,Macklemore (f/Kesha),Good Old Days,123,R,2018
1526,Julia Michaels,Issues (Remix),114,R,2018
1527,Julia Michaels,Issues (Remix),118,R,2018
1528,Julia Michaels,Issues (Remix),125,R,2018
1529,Halsey,Now Or Never (Remix),105,R,2018
1530,Bruno Mars,24K Magic,107,R,2017
1531,Dua Lipa,IDGAF,97,R,2018
1532,Dua Lipa,IDGAF (Remix),128,R,2018
1533,Khalid,Young Dumb & Broke,80,R,2018
1534,Khalid,Young Dumb & Broke,67,R,2018
1535,Khalid,Young Dumb & Broke,75,R,2018
1536,Demi Lovato,Tell Me You Love Me (Remix),105,R,2018
1537,Kendrick Lamar,Love (Remix),126,R,2018
1538,Sam Hunt,Body Like A Back Road,100,R,2018
1539,Halsey (f/Big Sean & Stefflon Don),Alone,100,R,2018
1541,Pink,What About Us? (Remix),125,R,2018
1542,Meghan Trainor,No Excuses,115,R,2018
1543,Meghan Trainor,No Excuses (Remix),125,R,2018
1544,Sam Smith,Too Good At Goodbyes (Remix),100,R,2018
1545,DJ Khaled (f/Rihanna),Wild Thoughts (Remix),110,R,2018
1546,J Balvin & Willy William,Mi Gente (Remix),125,R,2018
1547,Ariana Grande,God Is A Woman,72,C,2018
1548,Zedd & Elley Duhe,Happy Now (Remix),107,R,2018
1550,Silk City (f/Dua Lipa),Electricity,118,C,2018
1551,Ariana Grande,Breathin' (Remix),125,C,2018
1552,BTS (f/Nicki Minaj),Idol,126,R,2018
1553,Bryce Vine,Drew Barrymore (Remix),124,C,2018
1556,Ella Mai,Boo'd Up (Remix),90,R,2018
1557,Ella Mai,Boo'd Up (Remix),123,R,2018
1559,Marshmello (f/Bastille),Happier,100,C,2018
1560,DJ Khaled (f/Justin Bieber & Quavo),No Brainer (Remix),112,R,2018
1561,LSD,Thunderclouds,112,C,2018
1562,Juice WRLD,Lucid Dreams (Remix),103,C,2018
1563,Bazzi (f/Camila Cabello),Beautiful (Remix),100,C,2018
1564,Ariana Grande,Breathin',100,C,2018
1565,Shawn Mendes & Zedd,Lost In Japan,107,C,2018
1566,Twenty One Pilots,My Blood,109,C,2018
1567,Bebe Rexha,I'm A Mess (Remix),125,C,2018
1568,Marshmello (f/Bastille),Happier (Remix),128,C,2018
1570,6ix9ine (f/Nicki Minaj),Fefe (Remix),121,C,2018
1571,Ariana Grande,God Is A Woman (Remix),80,C,2018
1572,Selena Gomez,Back To You (Remix),112,R,2018
1573,Marshmello (f/Bastille),Happier (Remix),126,C,2018
1574,Benny Blanco (f/Halsey & Khalid),Eastside (Remix),122,C,2018
1575,Benny Blanco (f/Halsey & Khalid),Eastside (Remix),95,C,2018
1576,Loud Luxury (f/Brando),Body (Remix),126,C,2018
1578,Yella Beezy,That's On Me (Remix),132,C,2018
1581,Drake (f/Michael Jackson),Don't Matter To Me,103,C,2018
1582,The Chainsmokers (f/Kelsea Ballerini),This Feeling,105,C,2018
1584,Silk City (f/Dua Lipa),Electricity (Remix),124,C,2018
1585,Juice WRLD,Lucid Dreams (Remix),95,C,2018
1586,Post Malone (f/Swae Lee),Sunflower,90,C,2018
1587,Dan & Shay,Tequila (Remix),100,C,2018
1588,DJ Snake (f/Selena Gomez & Cardi B),Taki Taki,96,C,2018
1589,Panic At The Disco,High Hopes (Remix),126,C,2018
1590,Travis Scott & Drake,Sicko Mode (Remix),128,C,2018
1591,Travis Scott & Drake,Sicko Mode,78,C,2018
1592,LSD,Thunderclouds (Remix),124,C,2018
1593,Lady Gaga & Bradley Cooper,Shallow (Remix),120,C,2018
1594,Halsey,Without You,72,C,2018
1595,Halsey,Without You (Remix),126,C,2018
1596,Juice WRLD,Lucid Dreams (Remix),122,C,2018
1597,Khalid,Better,96,C,2018
1598,Ellie Goulding (f/Diplo & Swae Lee),Close To Me,72,C,2018
1599,Ellie Goulding (f/Diplo & Swae Lee),Close To Me (Remix),126,C,2018
1600,5 Seconds Of Summer,Youngblood (Remix),128,C,2018
